,,
,,
,,
,,
,,
,,
,,
,,
,,
,,
,,
,,
,,
,,
Date/Time,Unit,Value
12/21/2017 12:01:00 AM,C,20.5
12/21/2017 02:01:00 AM,C,20.5
12/21/2017 04:01:00 AM,C,19.5
12/21/2017 06:01:00 AM,C,21
12/21/2017 08:01:00 AM,C,21
12/21/2017 10:01:00 AM,C,10.5
12/21/2017 12:01:00 PM,C,18.5
12/21/2017 02:01:00 PM,C,-1.5
12/21/2017 04:01:00 PM,C,-2
12/21/2017 06:01:00 PM,C,-2
12/21/2017 08:01:00 PM,C,-1
12/21/2017 10:01:00 PM,C,-2
12/22/2017 12:01:00 AM,C,-1
12/22/2017 02:01:00 AM,C,-2.5
12/22/2017 04:01:00 AM,C,-1
12/22/2017 06:01:00 AM,C,-2.5
12/22/2017 08:01:00 AM,C,-4
12/22/2017 10:01:00 AM,C,-4
12/22/2017 12:01:00 PM,C,-3.5
12/22/2017 02:01:00 PM,C,-3
12/22/2017 04:01:00 PM,C,-3
12/22/2017 06:01:00 PM,C,-3
12/22/2017 08:01:00 PM,C,-3
12/22/2017 10:01:00 PM,C,-3
12/23/2017 12:01:00 AM,C,-1.5
12/23/2017 02:01:00 AM,C,-2.5
12/23/2017 04:01:00 AM,C,-3.5
12/23/2017 06:01:00 AM,C,-3
12/23/2017 08:01:00 AM,C,-3
12/23/2017 10:01:00 AM,C,-1.5
12/23/2017 12:01:00 PM,C,-0.5
12/23/2017 02:01:00 PM,C,0.5
12/23/2017 04:01:00 PM,C,1.5
12/23/2017 06:01:00 PM,C,1
12/23/2017 08:01:00 PM,C,1
12/23/2017 10:01:00 PM,C,0.5
12/24/2017 12:01:00 AM,C,0
12/24/2017 02:01:00 AM,C,-0.5
12/24/2017 04:01:00 AM,C,-0.5
12/24/2017 06:01:00 AM,C,-2
12/24/2017 08:01:00 AM,C,-2.5
12/24/2017 10:01:00 AM,C,0
12/24/2017 12:01:00 PM,C,0.5
12/24/2017 02:01:00 PM,C,0.5
12/24/2017 04:01:00 PM,C,-0.5
12/24/2017 06:01:00 PM,C,0
12/24/2017 08:01:00 PM,C,-2.5
12/24/2017 10:01:00 PM,C,-2
12/25/2017 12:01:00 AM,C,-2.5
12/25/2017 02:01:00 AM,C,-2.5
12/25/2017 04:01:00 AM,C,-3.5
12/25/2017 06:01:00 AM,C,-4
12/25/2017 08:01:00 AM,C,-3
12/25/2017 10:01:00 AM,C,-2
12/25/2017 12:01:00 PM,C,-1.5
12/25/2017 02:01:00 PM,C,-2
12/25/2017 04:01:00 PM,C,-3
12/25/2017 06:01:00 PM,C,-4.5
12/25/2017 08:01:00 PM,C,-6
12/25/2017 10:01:00 PM,C,-7
12/26/2017 12:01:00 AM,C,-8.5
12/26/2017 02:01:00 AM,C,-9.5
12/26/2017 04:01:00 AM,C,-10
12/26/2017 06:01:00 AM,C,-11
12/26/2017 08:01:00 AM,C,-12
12/26/2017 10:01:00 AM,C,-6
12/26/2017 12:01:00 PM,C,-9
12/26/2017 02:01:00 PM,C,-9
12/26/2017 04:01:00 PM,C,-10
12/26/2017 06:01:00 PM,C,-11
12/26/2017 08:01:00 PM,C,-12
12/26/2017 10:01:00 PM,C,-12
12/27/2017 12:01:00 AM,C,-12.5
12/27/2017 02:01:00 AM,C,-12.5
12/27/2017 04:01:00 AM,C,-12.5
12/27/2017 06:01:00 AM,C,-13.5
12/27/2017 08:01:00 AM,C,-12
12/27/2017 10:01:00 AM,C,-5
12/27/2017 12:01:00 PM,C,-8.5
12/27/2017 02:01:00 PM,C,-8
12/27/2017 04:01:00 PM,C,-10.5
12/27/2017 06:01:00 PM,C,-11.5
12/27/2017 08:01:00 PM,C,-12
12/27/2017 10:01:00 PM,C,-13.5
12/28/2017 12:01:00 AM,C,-15.5
12/28/2017 02:01:00 AM,C,-16.5
12/28/2017 04:01:00 AM,C,-17
12/28/2017 06:01:00 AM,C,-17
12/28/2017 08:01:00 AM,C,-16
12/28/2017 10:01:00 AM,C,-9
12/28/2017 12:01:00 PM,C,-10
12/28/2017 02:01:00 PM,C,-10.5
12/28/2017 04:01:00 PM,C,-10.5
12/28/2017 06:01:00 PM,C,-11
12/28/2017 08:01:00 PM,C,-12
12/28/2017 10:01:00 PM,C,-12.5
12/29/2017 12:01:00 AM,C,-12
12/29/2017 02:01:00 AM,C,-12.5
12/29/2017 04:01:00 AM,C,-11.5
12/29/2017 06:01:00 AM,C,-12.5
12/29/2017 08:01:00 AM,C,-13
12/29/2017 10:01:00 AM,C,-11.5
12/29/2017 12:01:00 PM,C,-8.5
12/29/2017 02:01:00 PM,C,-7
12/29/2017 04:01:00 PM,C,-6
12/29/2017 06:01:00 PM,C,-8
12/29/2017 08:01:00 PM,C,-9
12/29/2017 10:01:00 PM,C,-9
12/30/2017 12:01:00 AM,C,-8.5
12/30/2017 02:01:00 AM,C,-8
12/30/2017 04:01:00 AM,C,-8
12/30/2017 06:01:00 AM,C,-8
12/30/2017 08:01:00 AM,C,-8
12/30/2017 10:01:00 AM,C,-6.5
12/30/2017 12:01:00 PM,C,-5.5
12/30/2017 02:01:00 PM,C,-5
12/30/2017 04:01:00 PM,C,-6.5
12/30/2017 06:01:00 PM,C,-9
12/30/2017 08:01:00 PM,C,-11.5
12/30/2017 10:01:00 PM,C,-14
12/31/2017 12:01:00 AM,C,-15.5
12/31/2017 02:01:00 AM,C,-16.5
12/31/2017 04:01:00 AM,C,-17
12/31/2017 06:01:00 AM,C,-17.5
12/31/2017 08:01:00 AM,C,-18.5
12/31/2017 10:01:00 AM,C,-12.5
12/31/2017 12:01:00 PM,C,-12.5
12/31/2017 02:01:00 PM,C,-12.5
12/31/2017 04:01:00 PM,C,-12.5
12/31/2017 06:01:00 PM,C,-12.5
12/31/2017 08:01:00 PM,C,-14
12/31/2017 10:01:00 PM,C,-13.5
1/1/2018 12:01:00 AM,C,-14.5
1/1/2018 02:01:00 AM,C,-14.5
1/1/2018 04:01:00 AM,C,-15
1/1/2018 06:01:00 AM,C,-14
1/1/2018 08:01:00 AM,C,-12
1/1/2018 10:01:00 AM,C,-8
1/1/2018 12:01:00 PM,C,-7
1/1/2018 02:01:00 PM,C,-6
1/1/2018 04:01:00 PM,C,-8.5
1/1/2018 06:01:00 PM,C,-10
1/1/2018 08:01:00 PM,C,-10.5
1/1/2018 10:01:00 PM,C,-11
1/2/2018 12:01:00 AM,C,-13
1/2/2018 02:01:00 AM,C,-9.5
1/2/2018 04:01:00 AM,C,-8.5
1/2/2018 06:01:00 AM,C,-7.5
1/2/2018 08:01:00 AM,C,-8.5
1/2/2018 10:01:00 AM,C,-9
1/2/2018 12:01:00 PM,C,-7
1/2/2018 02:01:00 PM,C,-5.5
1/2/2018 04:01:00 PM,C,-6
1/2/2018 06:01:00 PM,C,-8
1/2/2018 08:01:00 PM,C,-8
1/2/2018 10:01:00 PM,C,-8.5
1/3/2018 12:01:00 AM,C,-9.5
1/3/2018 02:01:00 AM,C,-9.5
1/3/2018 04:01:00 AM,C,-9
1/3/2018 06:01:00 AM,C,-8.5
1/3/2018 08:01:00 AM,C,-8
1/3/2018 10:01:00 AM,C,-6
1/3/2018 12:01:00 PM,C,-4
1/3/2018 02:01:00 PM,C,-3.5
1/3/2018 04:01:00 PM,C,-4
1/3/2018 06:01:00 PM,C,-4.5
1/3/2018 08:01:00 PM,C,-5.5
1/3/2018 10:01:00 PM,C,-6.5
1/4/2018 12:01:00 AM,C,-6.5
1/4/2018 02:01:00 AM,C,-6.5
1/4/2018 04:01:00 AM,C,-6.5
1/4/2018 06:01:00 AM,C,-6.5
1/4/2018 08:01:00 AM,C,-9
1/4/2018 10:01:00 AM,C,-7
1/4/2018 12:01:00 PM,C,-8.5
1/4/2018 02:01:00 PM,C,-9
1/4/2018 04:01:00 PM,C,-10.5
1/4/2018 06:01:00 PM,C,-12
1/4/2018 08:01:00 PM,C,-14.5
1/4/2018 10:01:00 PM,C,-16
1/5/2018 12:01:00 AM,C,-17
1/5/2018 02:01:00 AM,C,-18
1/5/2018 04:01:00 AM,C,-18.5
1/5/2018 06:01:00 AM,C,-18.5
1/5/2018 08:01:00 AM,C,-18
1/5/2018 10:01:00 AM,C,-15
1/5/2018 12:01:00 PM,C,-15
1/5/2018 02:01:00 PM,C,-13.5
1/5/2018 04:01:00 PM,C,-14
1/5/2018 06:01:00 PM,C,-14.5
1/5/2018 08:01:00 PM,C,-14.5
1/5/2018 10:01:00 PM,C,-15.5
1/6/2018 12:01:00 AM,C,-17.5
1/6/2018 02:01:00 AM,C,-19
1/6/2018 04:01:00 AM,C,-19
1/6/2018 06:01:00 AM,C,-20
1/6/2018 08:01:00 AM,C,-20.5
1/6/2018 10:01:00 AM,C,-17
1/6/2018 12:01:00 PM,C,-16
1/6/2018 02:01:00 PM,C,-15
1/6/2018 04:01:00 PM,C,-14
1/6/2018 06:01:00 PM,C,-14.5
1/6/2018 08:01:00 PM,C,-15
1/6/2018 10:01:00 PM,C,-15.5
1/7/2018 12:01:00 AM,C,-15.5
1/7/2018 02:01:00 AM,C,-14
1/7/2018 04:01:00 AM,C,-14
1/7/2018 06:01:00 AM,C,-13
1/7/2018 08:01:00 AM,C,-12
1/7/2018 10:01:00 AM,C,-9
1/7/2018 12:01:00 PM,C,-8
1/7/2018 02:01:00 PM,C,-7
1/7/2018 04:01:00 PM,C,-6.5
1/7/2018 06:01:00 PM,C,-5.5
1/7/2018 08:01:00 PM,C,-4
1/7/2018 10:01:00 PM,C,-2.5
1/8/2018 12:01:00 AM,C,-1.5
1/8/2018 02:01:00 AM,C,-1
1/8/2018 04:01:00 AM,C,-1
1/8/2018 06:01:00 AM,C,-0.5
1/8/2018 08:01:00 AM,C,0
1/8/2018 10:01:00 AM,C,1
1/8/2018 12:01:00 PM,C,2
1/8/2018 02:01:00 PM,C,2.5
1/8/2018 04:01:00 PM,C,2.5
1/8/2018 06:01:00 PM,C,2.5
1/8/2018 08:01:00 PM,C,2.5
1/8/2018 10:01:00 PM,C,2.5
1/9/2018 12:01:00 AM,C,2
1/9/2018 02:01:00 AM,C,2
1/9/2018 04:01:00 AM,C,2
1/9/2018 06:01:00 AM,C,1
1/9/2018 08:01:00 AM,C,1
1/9/2018 10:01:00 AM,C,1.5
1/9/2018 12:01:00 PM,C,1.5
1/9/2018 02:01:00 PM,C,1.5
1/9/2018 04:01:00 PM,C,1.5
1/9/2018 06:01:00 PM,C,1
1/9/2018 08:01:00 PM,C,1
1/9/2018 10:01:00 PM,C,0.5
1/10/2018 12:01:00 AM,C,0.5
1/10/2018 02:01:00 AM,C,0.5
1/10/2018 04:01:00 AM,C,0
1/10/2018 06:01:00 AM,C,0
1/10/2018 08:01:00 AM,C,0.5
1/10/2018 10:01:00 AM,C,5
1/10/2018 12:01:00 PM,C,3.5
1/10/2018 02:01:00 PM,C,3
1/10/2018 04:01:00 PM,C,2
1/10/2018 06:01:00 PM,C,2.5
1/10/2018 08:01:00 PM,C,3.5
1/10/2018 10:01:00 PM,C,4
1/11/2018 12:01:00 AM,C,4.5
1/11/2018 02:01:00 AM,C,5.5
1/11/2018 04:01:00 AM,C,6
1/11/2018 06:01:00 AM,C,7.5
1/11/2018 08:01:00 AM,C,9
1/11/2018 10:01:00 AM,C,10
1/11/2018 12:01:00 PM,C,12
1/11/2018 02:01:00 PM,C,12
1/11/2018 04:01:00 PM,C,13
1/11/2018 06:01:00 PM,C,11
1/11/2018 08:01:00 PM,C,10.5
1/11/2018 10:01:00 PM,C,11
1/12/2018 12:01:00 AM,C,11
1/12/2018 02:01:00 AM,C,11.5
1/12/2018 04:01:00 AM,C,12
1/12/2018 06:01:00 AM,C,12.5
1/12/2018 08:01:00 AM,C,12.5
1/12/2018 10:01:00 AM,C,6
1/12/2018 12:01:00 PM,C,3.5
1/12/2018 02:01:00 PM,C,-1
1/12/2018 04:01:00 PM,C,-4.5
1/12/2018 06:01:00 PM,C,-6
1/12/2018 08:01:00 PM,C,-7
1/12/2018 10:01:00 PM,C,-8
1/13/2018 12:01:00 AM,C,-9
1/13/2018 02:01:00 AM,C,-10
1/13/2018 04:01:00 AM,C,-10.5
1/13/2018 06:01:00 AM,C,-11
1/13/2018 08:01:00 AM,C,-12
1/13/2018 10:01:00 AM,C,-8
1/13/2018 12:01:00 PM,C,-8.5
1/13/2018 02:01:00 PM,C,-9.5
1/13/2018 04:01:00 PM,C,-9.5
1/13/2018 06:01:00 PM,C,-11
1/13/2018 08:01:00 PM,C,-11.5
1/13/2018 10:01:00 PM,C,-12
1/14/2018 12:01:00 AM,C,-12
1/14/2018 02:01:00 AM,C,-12.5
1/14/2018 04:01:00 AM,C,-12
1/14/2018 06:01:00 AM,C,-11.5
1/14/2018 08:01:00 AM,C,-12
1/14/2018 10:01:00 AM,C,-3.5
1/14/2018 12:01:00 PM,C,-4.5
1/14/2018 02:01:00 PM,C,-4.5
1/14/2018 04:01:00 PM,C,-5
1/14/2018 06:01:00 PM,C,-5
1/14/2018 08:01:00 PM,C,-5.5
1/14/2018 10:01:00 PM,C,-5.5
1/15/2018 12:01:00 AM,C,-6
1/15/2018 02:01:00 AM,C,-7
1/15/2018 04:01:00 AM,C,-7
1/15/2018 06:01:00 AM,C,-6
1/15/2018 08:01:00 AM,C,-5
1/15/2018 10:01:00 AM,C,-5.5
1/15/2018 12:01:00 PM,C,-5
1/15/2018 02:01:00 PM,C,-6
1/15/2018 04:01:00 PM,C,-5.5
1/15/2018 06:01:00 PM,C,-4.5
1/15/2018 08:01:00 PM,C,-4.5
1/15/2018 10:01:00 PM,C,-6
1/16/2018 12:01:00 AM,C,-6
1/16/2018 02:01:00 AM,C,-5.5
1/16/2018 04:01:00 AM,C,-5.5
1/16/2018 06:01:00 AM,C,-5.5
1/16/2018 08:01:00 AM,C,-5.5
1/16/2018 10:01:00 AM,C,-3.5
1/16/2018 12:01:00 PM,C,-2
1/16/2018 02:01:00 PM,C,-1
1/16/2018 04:01:00 PM,C,-1.5
1/16/2018 06:01:00 PM,C,-2
1/16/2018 08:01:00 PM,C,-3
1/16/2018 10:01:00 PM,C,-5
1/17/2018 12:01:00 AM,C,-6
1/17/2018 02:01:00 AM,C,-7
1/17/2018 04:01:00 AM,C,-7.5
1/17/2018 06:01:00 AM,C,-8
1/17/2018 08:01:00 AM,C,-8.5
1/17/2018 10:01:00 AM,C,-2
1/17/2018 12:01:00 PM,C,-3
1/17/2018 02:01:00 PM,C,-2.5
1/17/2018 04:01:00 PM,C,-3.5
1/17/2018 06:01:00 PM,C,-4.5
1/17/2018 08:01:00 PM,C,-5
1/17/2018 10:01:00 PM,C,-4.5
1/18/2018 12:01:00 AM,C,-4.5
1/18/2018 02:01:00 AM,C,-5.5
1/18/2018 04:01:00 AM,C,-6
1/18/2018 06:01:00 AM,C,-6
1/18/2018 08:01:00 AM,C,-5.5
1/18/2018 10:01:00 AM,C,-4.5
1/18/2018 12:01:00 PM,C,-3.5
1/18/2018 02:01:00 PM,C,-2.5
1/18/2018 04:01:00 PM,C,-2.5
1/18/2018 06:01:00 PM,C,-3
1/18/2018 08:01:00 PM,C,-3
1/18/2018 10:01:00 PM,C,-2
1/19/2018 12:01:00 AM,C,-2
1/19/2018 02:01:00 AM,C,-2.5
1/19/2018 04:01:00 AM,C,-2
1/19/2018 06:01:00 AM,C,-2
1/19/2018 08:01:00 AM,C,-1.5
1/19/2018 10:01:00 AM,C,0.5
1/19/2018 12:01:00 PM,C,2.5
1/19/2018 02:01:00 PM,C,2
1/19/2018 04:01:00 PM,C,2
1/19/2018 06:01:00 PM,C,2
1/19/2018 08:01:00 PM,C,2.5
1/19/2018 10:01:00 PM,C,3.5
1/20/2018 12:01:00 AM,C,3.5
1/20/2018 02:01:00 AM,C,3
1/20/2018 04:01:00 AM,C,3
1/20/2018 06:01:00 AM,C,3
1/20/2018 08:01:00 AM,C,2.5
1/20/2018 10:01:00 AM,C,3.5
1/20/2018 12:01:00 PM,C,7
1/20/2018 02:01:00 PM,C,7.5
1/20/2018 04:01:00 PM,C,7
1/20/2018 06:01:00 PM,C,5.5
1/20/2018 08:01:00 PM,C,4.5
1/20/2018 10:01:00 PM,C,3.5
1/21/2018 12:01:00 AM,C,3
1/21/2018 02:01:00 AM,C,3
1/21/2018 04:01:00 AM,C,2.5
1/21/2018 06:01:00 AM,C,2
1/21/2018 08:01:00 AM,C,2
1/21/2018 10:01:00 AM,C,7.5
1/21/2018 12:01:00 PM,C,6
1/21/2018 02:01:00 PM,C,5
1/21/2018 04:01:00 PM,C,4.5
1/21/2018 06:01:00 PM,C,4.5
1/21/2018 08:01:00 PM,C,4
1/21/2018 10:01:00 PM,C,4
1/22/2018 12:01:00 AM,C,4
1/22/2018 02:01:00 AM,C,3.5
1/22/2018 04:01:00 AM,C,3.5
1/22/2018 06:01:00 AM,C,3
1/22/2018 08:01:00 AM,C,3
1/22/2018 10:01:00 AM,C,3
1/22/2018 12:01:00 PM,C,2.5
1/22/2018 02:01:00 PM,C,2.5
1/22/2018 04:01:00 PM,C,2
1/22/2018 06:01:00 PM,C,2
1/22/2018 08:01:00 PM,C,2
1/22/2018 10:01:00 PM,C,2.5
1/23/2018 12:01:00 AM,C,2.5
1/23/2018 02:01:00 AM,C,3.5
1/23/2018 04:01:00 AM,C,4.5
1/23/2018 06:01:00 AM,C,4.5
1/23/2018 08:01:00 AM,C,5
1/23/2018 10:01:00 AM,C,7
1/23/2018 12:01:00 PM,C,9.5
1/23/2018 02:01:00 PM,C,7.5
1/23/2018 04:01:00 PM,C,6
1/23/2018 06:01:00 PM,C,4.5
1/23/2018 08:01:00 PM,C,1.5
1/23/2018 10:01:00 PM,C,-0.5
1/24/2018 12:01:00 AM,C,-2
1/24/2018 02:01:00 AM,C,-3.5
1/24/2018 04:01:00 AM,C,-4.5
1/24/2018 06:01:00 AM,C,-6
1/24/2018 08:01:00 AM,C,-7.5
1/24/2018 10:01:00 AM,C,-6.5
1/24/2018 12:01:00 PM,C,-4
1/24/2018 02:01:00 PM,C,-3.5
1/24/2018 04:01:00 PM,C,-3
1/24/2018 06:01:00 PM,C,-4
1/24/2018 08:01:00 PM,C,-5
1/24/2018 10:01:00 PM,C,-6.5
1/25/2018 12:01:00 AM,C,-7.5
1/25/2018 02:01:00 AM,C,-8.5
1/25/2018 04:01:00 AM,C,-8
1/25/2018 06:01:00 AM,C,-8.5
1/25/2018 08:01:00 AM,C,-7.5
1/25/2018 10:01:00 AM,C,-2.5
1/25/2018 12:01:00 PM,C,-2
1/25/2018 02:01:00 PM,C,-2.5
1/25/2018 04:01:00 PM,C,-2
1/25/2018 06:01:00 PM,C,-2
1/25/2018 08:01:00 PM,C,-1.5
1/25/2018 10:01:00 PM,C,-0.5
1/26/2018 12:01:00 AM,C,0
1/26/2018 02:01:00 AM,C,0.5
1/26/2018 04:01:00 AM,C,0.5
1/26/2018 06:01:00 AM,C,0
1/26/2018 08:01:00 AM,C,0.5
1/26/2018 10:01:00 AM,C,3.5
1/26/2018 12:01:00 PM,C,3
1/26/2018 02:01:00 PM,C,3
1/26/2018 04:01:00 PM,C,3.5
1/26/2018 06:01:00 PM,C,3.5
1/26/2018 08:01:00 PM,C,3.5
1/26/2018 10:01:00 PM,C,4
1/27/2018 12:01:00 AM,C,6.5
1/27/2018 02:01:00 AM,C,7.5
1/27/2018 04:01:00 AM,C,8
1/27/2018 06:01:00 AM,C,8
1/27/2018 08:01:00 AM,C,7.5
1/27/2018 10:01:00 AM,C,8
1/27/2018 12:01:00 PM,C,10
1/27/2018 02:01:00 PM,C,9.5
1/27/2018 04:01:00 PM,C,7
1/27/2018 06:01:00 PM,C,7
1/27/2018 08:01:00 PM,C,7.5
1/27/2018 10:01:00 PM,C,6.5
1/28/2018 12:01:00 AM,C,5
1/28/2018 02:01:00 AM,C,4
1/28/2018 04:01:00 AM,C,3.5
1/28/2018 06:01:00 AM,C,3
1/28/2018 08:01:00 AM,C,2.5
1/28/2018 10:01:00 AM,C,8.5
1/28/2018 12:01:00 PM,C,8
1/28/2018 02:01:00 PM,C,6
1/28/2018 04:01:00 PM,C,5
1/28/2018 06:01:00 PM,C,2.5
1/28/2018 08:01:00 PM,C,1
1/28/2018 10:01:00 PM,C,1
1/29/2018 12:01:00 AM,C,0.5
1/29/2018 02:01:00 AM,C,-0.5
1/29/2018 04:01:00 AM,C,-1
1/29/2018 06:01:00 AM,C,-1.5
1/29/2018 08:01:00 AM,C,-2
1/29/2018 10:01:00 AM,C,-1
1/29/2018 12:01:00 PM,C,-1
1/29/2018 02:01:00 PM,C,-0.5
1/29/2018 04:01:00 PM,C,-2
1/29/2018 06:01:00 PM,C,-2.5
1/29/2018 08:01:00 PM,C,-3
1/29/2018 10:01:00 PM,C,-3.5
1/30/2018 12:01:00 AM,C,-4
1/30/2018 02:01:00 AM,C,-5
1/30/2018 04:01:00 AM,C,-6
1/30/2018 06:01:00 AM,C,-7
1/30/2018 08:01:00 AM,C,-8
1/30/2018 10:01:00 AM,C,-3
1/30/2018 12:01:00 PM,C,-5.5
1/30/2018 02:01:00 PM,C,-6.5
1/30/2018 04:01:00 PM,C,-6
1/30/2018 06:01:00 PM,C,-8
1/30/2018 08:01:00 PM,C,-9
1/30/2018 10:01:00 PM,C,-9
1/31/2018 12:01:00 AM,C,-10
1/31/2018 02:01:00 AM,C,-9.5
1/31/2018 04:01:00 AM,C,-9.5
1/31/2018 06:01:00 AM,C,-6
1/31/2018 08:01:00 AM,C,-4.5
1/31/2018 10:01:00 AM,C,-4
1/31/2018 12:01:00 PM,C,-2
1/31/2018 02:01:00 PM,C,-0.5
1/31/2018 04:01:00 PM,C,1.5
1/31/2018 06:01:00 PM,C,2
1/31/2018 08:01:00 PM,C,2.5
1/31/2018 10:01:00 PM,C,3
2/1/2018 12:01:00 AM,C,2.5
2/1/2018 02:01:00 AM,C,2
2/1/2018 04:01:00 AM,C,2
2/1/2018 06:01:00 AM,C,2
2/1/2018 08:01:00 AM,C,2.5
2/1/2018 10:01:00 AM,C,10
2/1/2018 12:01:00 PM,C,8
2/1/2018 02:01:00 PM,C,5
2/1/2018 04:01:00 PM,C,1
2/1/2018 06:01:00 PM,C,-2.5
2/1/2018 08:01:00 PM,C,-4
2/1/2018 10:01:00 PM,C,-5.5
2/2/2018 12:01:00 AM,C,-6
2/2/2018 02:01:00 AM,C,-7
2/2/2018 04:01:00 AM,C,-7.5
2/2/2018 06:01:00 AM,C,-9.5
2/2/2018 08:01:00 AM,C,-11.5
2/2/2018 10:01:00 AM,C,-6.5
2/2/2018 12:01:00 PM,C,-8.5
2/2/2018 02:01:00 PM,C,-9
2/2/2018 04:01:00 PM,C,-8.5
2/2/2018 06:01:00 PM,C,-8
2/2/2018 08:01:00 PM,C,-8
2/2/2018 10:01:00 PM,C,-7.5
2/3/2018 12:01:00 AM,C,-7.5
2/3/2018 02:01:00 AM,C,-7
2/3/2018 04:01:00 AM,C,-7
2/3/2018 06:01:00 AM,C,-7.5
2/3/2018 08:01:00 AM,C,-7.5
2/3/2018 10:01:00 AM,C,-6
2/3/2018 12:01:00 PM,C,-3
2/3/2018 02:01:00 PM,C,-2
2/3/2018 04:01:00 PM,C,-3
2/3/2018 06:01:00 PM,C,-2.5
2/3/2018 08:01:00 PM,C,-2
2/3/2018 10:01:00 PM,C,-1
2/4/2018 12:01:00 AM,C,0
2/4/2018 02:01:00 AM,C,0.5
2/4/2018 04:01:00 AM,C,1
2/4/2018 06:01:00 AM,C,0
2/4/2018 08:01:00 AM,C,0.5
2/4/2018 10:01:00 AM,C,1.5
2/4/2018 12:01:00 PM,C,2
2/4/2018 02:01:00 PM,C,2.5
2/4/2018 04:01:00 PM,C,2
2/4/2018 06:01:00 PM,C,1
2/4/2018 08:01:00 PM,C,-3.5
2/4/2018 10:01:00 PM,C,-5
2/5/2018 12:01:00 AM,C,-7
2/5/2018 02:01:00 AM,C,-7.5
2/5/2018 04:01:00 AM,C,-9.5
2/5/2018 06:01:00 AM,C,-10
2/5/2018 08:01:00 AM,C,-9.5
2/5/2018 10:01:00 AM,C,-6.5
2/5/2018 12:01:00 PM,C,-5.5
2/5/2018 02:01:00 PM,C,-5
2/5/2018 04:01:00 PM,C,-5.5
2/5/2018 06:01:00 PM,C,-6
2/5/2018 08:01:00 PM,C,-5.5
2/5/2018 10:01:00 PM,C,-5.5
2/6/2018 12:01:00 AM,C,-6
2/6/2018 02:01:00 AM,C,-6.5
2/6/2018 04:01:00 AM,C,-7
2/6/2018 06:01:00 AM,C,-6.5
2/6/2018 08:01:00 AM,C,-6.5
2/6/2018 10:01:00 AM,C,-1
2/6/2018 12:01:00 PM,C,-2
2/6/2018 02:01:00 PM,C,-1.5
2/6/2018 04:01:00 PM,C,-2.5
2/6/2018 06:01:00 PM,C,-3.5
2/6/2018 08:01:00 PM,C,-4.5
2/6/2018 10:01:00 PM,C,-6
2/7/2018 12:01:00 AM,C,-6
2/7/2018 02:01:00 AM,C,-6
2/7/2018 04:01:00 AM,C,-5.5
2/7/2018 06:01:00 AM,C,-5.5
2/7/2018 08:01:00 AM,C,-4
2/7/2018 10:01:00 AM,C,-3
2/7/2018 12:01:00 PM,C,-3.5
2/7/2018 02:01:00 PM,C,-1.5
2/7/2018 04:01:00 PM,C,-3
2/7/2018 06:01:00 PM,C,-4
2/7/2018 08:01:00 PM,C,-4.5
2/7/2018 10:01:00 PM,C,-5.5
2/8/2018 12:01:00 AM,C,-6
2/8/2018 02:01:00 AM,C,-7
2/8/2018 04:01:00 AM,C,-7.5
2/8/2018 06:01:00 AM,C,-7.5
2/8/2018 08:01:00 AM,C,-6.5
2/8/2018 10:01:00 AM,C,-5
2/8/2018 12:01:00 PM,C,-2.5
2/8/2018 02:01:00 PM,C,-4
2/8/2018 04:01:00 PM,C,-4.5
2/8/2018 06:01:00 PM,C,-5
2/8/2018 08:01:00 PM,C,-5.5
2/8/2018 10:01:00 PM,C,-6
2/9/2018 12:01:00 AM,C,-7
2/9/2018 02:01:00 AM,C,-7
2/9/2018 04:01:00 AM,C,-6.5
2/9/2018 06:01:00 AM,C,-6.5
2/9/2018 08:01:00 AM,C,-5.5
2/9/2018 10:01:00 AM,C,-4.5
2/9/2018 12:01:00 PM,C,-4
2/9/2018 02:01:00 PM,C,-3.5
2/9/2018 04:01:00 PM,C,-4
2/9/2018 06:01:00 PM,C,-3.5
2/9/2018 08:01:00 PM,C,-2.5
2/9/2018 10:01:00 PM,C,-3
2/10/2018 12:01:00 AM,C,-3
2/10/2018 02:01:00 AM,C,-2.5
2/10/2018 04:01:00 AM,C,-3
2/10/2018 06:01:00 AM,C,-3
2/10/2018 08:01:00 AM,C,-3.5
2/10/2018 10:01:00 AM,C,-2.5
2/10/2018 12:01:00 PM,C,-1
2/10/2018 02:01:00 PM,C,-1.5
2/10/2018 04:01:00 PM,C,-2
2/10/2018 06:01:00 PM,C,-2.5
2/10/2018 08:01:00 PM,C,-3
2/10/2018 10:01:00 PM,C,-3
2/11/2018 12:01:00 AM,C,-3.5
2/11/2018 02:01:00 AM,C,-4
2/11/2018 04:01:00 AM,C,-4
2/11/2018 06:01:00 AM,C,-3
2/11/2018 08:01:00 AM,C,-1.5
2/11/2018 10:01:00 AM,C,-2
2/11/2018 12:01:00 PM,C,-1.5
2/11/2018 02:01:00 PM,C,-0.5
2/11/2018 04:01:00 PM,C,0
2/11/2018 06:01:00 PM,C,-0.5
2/11/2018 08:01:00 PM,C,0
2/11/2018 10:01:00 PM,C,-1
2/12/2018 12:01:00 AM,C,-1
2/12/2018 02:01:00 AM,C,-1.5
2/12/2018 04:01:00 AM,C,-3
2/12/2018 06:01:00 AM,C,-4
2/12/2018 08:01:00 AM,C,-4.5
2/12/2018 10:01:00 AM,C,3
2/12/2018 12:01:00 PM,C,0.5
2/12/2018 02:01:00 PM,C,-1
2/12/2018 04:01:00 PM,C,-1.5
2/12/2018 06:01:00 PM,C,-2.5
2/12/2018 08:01:00 PM,C,-4
2/12/2018 10:01:00 PM,C,-4.5
2/13/2018 12:01:00 AM,C,-6
2/13/2018 02:01:00 AM,C,-6.5
2/13/2018 04:01:00 AM,C,-6.5
2/13/2018 06:01:00 AM,C,-7
2/13/2018 08:01:00 AM,C,-7.5
2/13/2018 10:01:00 AM,C,-2.5
2/13/2018 12:01:00 PM,C,-1.5
2/13/2018 02:01:00 PM,C,-1.5
2/13/2018 04:01:00 PM,C,-1.5
2/13/2018 06:01:00 PM,C,-1.5
2/13/2018 08:01:00 PM,C,-0.5
2/13/2018 10:01:00 PM,C,0.5
2/14/2018 12:01:00 AM,C,0
2/14/2018 02:01:00 AM,C,0.5
2/14/2018 04:01:00 AM,C,0.5
2/14/2018 06:01:00 AM,C,0.5
2/14/2018 08:01:00 AM,C,1.5
2/14/2018 10:01:00 AM,C,6.5
2/14/2018 12:01:00 PM,C,12
2/14/2018 02:01:00 PM,C,6
2/14/2018 04:01:00 PM,C,6
2/14/2018 06:01:00 PM,C,5
2/14/2018 08:01:00 PM,C,5
2/14/2018 10:01:00 PM,C,5
2/15/2018 12:01:00 AM,C,4
2/15/2018 02:01:00 AM,C,4.5
2/15/2018 04:01:00 AM,C,5
2/15/2018 06:01:00 AM,C,5.5
2/15/2018 08:01:00 AM,C,6.5
2/15/2018 10:01:00 AM,C,8
2/15/2018 12:01:00 PM,C,9.5
2/15/2018 02:01:00 PM,C,10.5
2/15/2018 04:01:00 PM,C,9.5
2/15/2018 06:01:00 PM,C,9.5
2/15/2018 08:01:00 PM,C,8.5
2/15/2018 10:01:00 PM,C,7.5
2/16/2018 12:01:00 AM,C,7
2/16/2018 02:01:00 AM,C,5.5
2/16/2018 04:01:00 AM,C,4.5
2/16/2018 06:01:00 AM,C,4
2/16/2018 08:01:00 AM,C,3.5
2/16/2018 10:01:00 AM,C,2.5
2/16/2018 12:01:00 PM,C,7.5
2/16/2018 02:01:00 PM,C,1.5
2/16/2018 04:01:00 PM,C,0.5
2/16/2018 06:01:00 PM,C,-1
2/16/2018 08:01:00 PM,C,-2.5
2/16/2018 10:01:00 PM,C,-2.5
2/17/2018 12:01:00 AM,C,-2.5
2/17/2018 02:01:00 AM,C,-2.5
2/17/2018 04:01:00 AM,C,-2.5
2/17/2018 06:01:00 AM,C,-2
2/17/2018 08:01:00 AM,C,-1
2/17/2018 10:01:00 AM,C,0
2/17/2018 12:01:00 PM,C,1
2/17/2018 02:01:00 PM,C,0.5
2/17/2018 04:01:00 PM,C,0.5
2/17/2018 06:01:00 PM,C,0.5
2/17/2018 08:01:00 PM,C,0.5
2/17/2018 10:01:00 PM,C,1
2/18/2018 12:01:00 AM,C,0.5
2/18/2018 02:01:00 AM,C,0.5
2/18/2018 04:01:00 AM,C,0
2/18/2018 06:01:00 AM,C,1
2/18/2018 08:01:00 AM,C,2
2/18/2018 10:01:00 AM,C,3.5
2/18/2018 12:01:00 PM,C,5
2/18/2018 02:01:00 PM,C,4.5
2/18/2018 04:01:00 PM,C,4
2/18/2018 06:01:00 PM,C,3
2/18/2018 08:01:00 PM,C,2.5
2/18/2018 10:01:00 PM,C,2
2/19/2018 12:01:00 AM,C,2
2/19/2018 02:01:00 AM,C,2
2/19/2018 04:01:00 AM,C,2.5
2/19/2018 06:01:00 AM,C,2
2/19/2018 08:01:00 AM,C,2.5
2/19/2018 10:01:00 AM,C,5.5
2/19/2018 12:01:00 PM,C,5
2/19/2018 02:01:00 PM,C,3.5
2/19/2018 04:01:00 PM,C,4.5
2/19/2018 06:01:00 PM,C,4.5
2/19/2018 08:01:00 PM,C,5
2/19/2018 10:01:00 PM,C,5.5
2/20/2018 12:01:00 AM,C,6
2/20/2018 02:01:00 AM,C,6
2/20/2018 04:01:00 AM,C,6
2/20/2018 06:01:00 AM,C,6
2/20/2018 08:01:00 AM,C,7
2/20/2018 10:01:00 AM,C,9
2/20/2018 12:01:00 PM,C,12.5
2/20/2018 02:01:00 PM,C,14
2/20/2018 04:01:00 PM,C,14.5
2/20/2018 06:01:00 PM,C,15.5
2/20/2018 08:01:00 PM,C,15
2/20/2018 10:01:00 PM,C,15.5
2/21/2018 12:01:00 AM,C,16
2/21/2018 02:01:00 AM,C,15
2/21/2018 04:01:00 AM,C,14.5
2/21/2018 06:01:00 AM,C,14
2/21/2018 08:01:00 AM,C,6
2/21/2018 10:01:00 AM,C,4.5
2/21/2018 12:01:00 PM,C,4.5
2/21/2018 02:01:00 PM,C,5
2/21/2018 04:01:00 PM,C,5
2/21/2018 06:01:00 PM,C,3.5
2/21/2018 08:01:00 PM,C,3
2/21/2018 10:01:00 PM,C,2
2/22/2018 12:01:00 AM,C,1
2/22/2018 02:01:00 AM,C,0
2/22/2018 04:01:00 AM,C,-0.5
2/22/2018 06:01:00 AM,C,-0.5
2/22/2018 08:01:00 AM,C,0
2/22/2018 10:01:00 AM,C,0.5
2/22/2018 12:01:00 PM,C,2.5
2/22/2018 02:01:00 PM,C,2.5
2/22/2018 04:01:00 PM,C,3
2/22/2018 06:01:00 PM,C,1.5
2/22/2018 08:01:00 PM,C,1
2/22/2018 10:01:00 PM,C,1.5
2/23/2018 12:01:00 AM,C,1.5
2/23/2018 02:01:00 AM,C,0.5
2/23/2018 04:01:00 AM,C,1
2/23/2018 06:01:00 AM,C,2
2/23/2018 08:01:00 AM,C,2
2/23/2018 10:01:00 AM,C,3
2/23/2018 12:01:00 PM,C,4
2/23/2018 02:01:00 PM,C,4
2/23/2018 04:01:00 PM,C,4.5
2/23/2018 06:01:00 PM,C,6
2/23/2018 08:01:00 PM,C,6.5
2/23/2018 10:01:00 PM,C,7.5
2/24/2018 12:01:00 AM,C,7.5
2/24/2018 02:01:00 AM,C,6.5
2/24/2018 04:01:00 AM,C,5.5
2/24/2018 06:01:00 AM,C,5
2/24/2018 08:01:00 AM,C,4
2/24/2018 10:01:00 AM,C,5
2/24/2018 12:01:00 PM,C,5.5
2/24/2018 02:01:00 PM,C,6
2/24/2018 04:01:00 PM,C,5
2/24/2018 06:01:00 PM,C,4
2/24/2018 08:01:00 PM,C,3
2/24/2018 10:01:00 PM,C,3.5
2/25/2018 12:01:00 AM,C,3.5
2/25/2018 02:01:00 AM,C,2
2/25/2018 04:01:00 AM,C,2.5
2/25/2018 06:01:00 AM,C,3
2/25/2018 08:01:00 AM,C,3.5
2/25/2018 10:01:00 AM,C,8
2/25/2018 12:01:00 PM,C,18.5
2/25/2018 02:01:00 PM,C,12
2/25/2018 04:01:00 PM,C,11.5
2/25/2018 06:01:00 PM,C,9
2/25/2018 08:01:00 PM,C,7.5
2/25/2018 10:01:00 PM,C,5.5
2/26/2018 12:01:00 AM,C,5
2/26/2018 02:01:00 AM,C,4
2/26/2018 04:01:00 AM,C,3
2/26/2018 06:01:00 AM,C,3
2/26/2018 08:01:00 AM,C,3.5
2/26/2018 10:01:00 AM,C,10.5
2/26/2018 12:01:00 PM,C,17.5
2/26/2018 02:01:00 PM,C,8
2/26/2018 04:01:00 PM,C,9
2/26/2018 06:01:00 PM,C,7.5
2/26/2018 08:01:00 PM,C,7
2/26/2018 10:01:00 PM,C,6
2/27/2018 12:01:00 AM,C,5.5
2/27/2018 02:01:00 AM,C,5
2/27/2018 04:01:00 AM,C,4
2/27/2018 06:01:00 AM,C,4
2/27/2018 08:01:00 AM,C,5
2/27/2018 10:01:00 AM,C,11
2/27/2018 12:01:00 PM,C,22
2/27/2018 02:01:00 PM,C,13.5
2/27/2018 04:01:00 PM,C,13
2/27/2018 06:01:00 PM,C,11.5
2/27/2018 08:01:00 PM,C,11
2/27/2018 10:01:00 PM,C,10.5
2/28/2018 12:01:00 AM,C,9.5
2/28/2018 02:01:00 AM,C,9
2/28/2018 04:01:00 AM,C,7
2/28/2018 06:01:00 AM,C,7
2/28/2018 08:01:00 AM,C,8
2/28/2018 10:01:00 AM,C,10
2/28/2018 12:01:00 PM,C,12
2/28/2018 02:01:00 PM,C,13.5
2/28/2018 04:01:00 PM,C,14.5
2/28/2018 06:01:00 PM,C,14.5
2/28/2018 08:01:00 PM,C,8.5
2/28/2018 10:01:00 PM,C,5
3/1/2018 12:01:00 AM,C,4.5
3/1/2018 02:01:00 AM,C,4
3/1/2018 04:01:00 AM,C,3.5
3/1/2018 06:01:00 AM,C,3
3/1/2018 08:01:00 AM,C,2.5
3/1/2018 10:01:00 AM,C,7
3/1/2018 12:01:00 PM,C,4
3/1/2018 02:01:00 PM,C,4
3/1/2018 04:01:00 PM,C,3.5
3/1/2018 06:01:00 PM,C,3.5
3/1/2018 08:01:00 PM,C,4.5
3/1/2018 10:01:00 PM,C,3
3/2/2018 12:01:00 AM,C,0.5
3/2/2018 02:01:00 AM,C,0.5
3/2/2018 04:01:00 AM,C,0.5
3/2/2018 06:01:00 AM,C,0.5
3/2/2018 08:01:00 AM,C,1
3/2/2018 10:01:00 AM,C,4
3/2/2018 12:01:00 PM,C,13.5
3/2/2018 02:01:00 PM,C,5
3/2/2018 04:01:00 PM,C,4
3/2/2018 06:01:00 PM,C,3
3/2/2018 08:01:00 PM,C,2
3/2/2018 10:01:00 PM,C,1.5
3/3/2018 12:01:00 AM,C,1
3/3/2018 02:01:00 AM,C,0.5
3/3/2018 04:01:00 AM,C,0
3/3/2018 06:01:00 AM,C,-0.5
3/3/2018 08:01:00 AM,C,-0.5
3/3/2018 10:01:00 AM,C,8.5
3/3/2018 12:01:00 PM,C,15
3/3/2018 02:01:00 PM,C,5.5
3/3/2018 04:01:00 PM,C,5.5
3/3/2018 06:01:00 PM,C,3.5
3/3/2018 08:01:00 PM,C,1.5
3/3/2018 10:01:00 PM,C,1.5
3/4/2018 12:01:00 AM,C,1
3/4/2018 02:01:00 AM,C,0
3/4/2018 04:01:00 AM,C,-0.5
3/4/2018 06:01:00 AM,C,-1.5
3/4/2018 08:01:00 AM,C,-1.5
3/4/2018 10:01:00 AM,C,8
3/4/2018 12:01:00 PM,C,14.5
3/4/2018 02:01:00 PM,C,3.5
3/4/2018 04:01:00 PM,C,2.5
3/4/2018 06:01:00 PM,C,1
3/4/2018 08:01:00 PM,C,0
3/4/2018 10:01:00 PM,C,-0.5
3/5/2018 12:01:00 AM,C,-1
3/5/2018 02:01:00 AM,C,-2
3/5/2018 04:01:00 AM,C,-2.5
3/5/2018 06:01:00 AM,C,-3.5
3/5/2018 08:01:00 AM,C,-3
3/5/2018 10:01:00 AM,C,7.5
3/5/2018 12:01:00 PM,C,4.5
3/5/2018 02:01:00 PM,C,3.5
3/5/2018 04:01:00 PM,C,3
3/5/2018 06:01:00 PM,C,0.5
3/5/2018 08:01:00 PM,C,0.5
3/5/2018 10:01:00 PM,C,0.5
3/6/2018 12:01:00 AM,C,0.5
3/6/2018 02:01:00 AM,C,1
3/6/2018 04:01:00 AM,C,1
3/6/2018 06:01:00 AM,C,1
3/6/2018 08:01:00 AM,C,2
3/6/2018 10:01:00 AM,C,1
3/6/2018 12:01:00 PM,C,2
3/6/2018 02:01:00 PM,C,2
3/6/2018 04:01:00 PM,C,2
3/6/2018 06:01:00 PM,C,2
3/6/2018 08:01:00 PM,C,3
3/6/2018 10:01:00 PM,C,3
3/7/2018 12:01:00 AM,C,2.5
3/7/2018 02:01:00 AM,C,2.5
3/7/2018 04:01:00 AM,C,2.5
3/7/2018 06:01:00 AM,C,2
3/7/2018 08:01:00 AM,C,2.5
3/7/2018 10:01:00 AM,C,3.5
3/7/2018 12:01:00 PM,C,3.5
3/7/2018 02:01:00 PM,C,4.5
3/7/2018 04:01:00 PM,C,3.5
3/7/2018 06:01:00 PM,C,3.5
3/7/2018 08:01:00 PM,C,3.5
3/7/2018 10:01:00 PM,C,3
3/8/2018 12:01:00 AM,C,2
3/8/2018 02:01:00 AM,C,1.5
3/8/2018 04:01:00 AM,C,0.5
3/8/2018 06:01:00 AM,C,-0.5
3/8/2018 08:01:00 AM,C,-0.5
3/8/2018 10:01:00 AM,C,0
3/8/2018 12:01:00 PM,C,0.5
3/8/2018 02:01:00 PM,C,1
3/8/2018 04:01:00 PM,C,1.5
3/8/2018 06:01:00 PM,C,1
3/8/2018 08:01:00 PM,C,1
3/8/2018 10:01:00 PM,C,0.5
3/9/2018 12:01:00 AM,C,0.5
3/9/2018 02:01:00 AM,C,0
3/9/2018 04:01:00 AM,C,0.5
3/9/2018 06:01:00 AM,C,1
3/9/2018 08:01:00 AM,C,3
3/9/2018 10:01:00 AM,C,5
3/9/2018 12:01:00 PM,C,6.5
3/9/2018 02:01:00 PM,C,5
3/9/2018 04:01:00 PM,C,5
3/9/2018 06:01:00 PM,C,2.5
3/9/2018 08:01:00 PM,C,1.5
3/9/2018 10:01:00 PM,C,0.5
3/10/2018 12:01:00 AM,C,0
3/10/2018 02:01:00 AM,C,0
3/10/2018 04:01:00 AM,C,0
3/10/2018 06:01:00 AM,C,-0.5
3/10/2018 08:01:00 AM,C,0
3/10/2018 10:01:00 AM,C,4
3/10/2018 12:01:00 PM,C,4
3/10/2018 02:01:00 PM,C,4
3/10/2018 04:01:00 PM,C,3.5
3/10/2018 06:01:00 PM,C,2.5
3/10/2018 08:01:00 PM,C,1
3/10/2018 10:01:00 PM,C,0.5
3/11/2018 12:01:00 AM,C,0
3/11/2018 03:01:00 AM,C,-0.5
3/11/2018 05:01:00 AM,C,-1
3/11/2018 07:01:00 AM,C,-1.5
3/11/2018 09:01:00 AM,C,-1.5
3/11/2018 11:01:00 AM,C,2.5
3/11/2018 01:01:00 PM,C,8.5
3/11/2018 03:01:00 PM,C,4
3/11/2018 05:01:00 PM,C,4
3/11/2018 07:01:00 PM,C,2.5
3/11/2018 09:01:00 PM,C,1.5
3/11/2018 11:01:00 PM,C,0.5
3/12/2018 01:01:00 AM,C,0
3/12/2018 03:01:00 AM,C,0
3/12/2018 05:01:00 AM,C,-0.5
3/12/2018 07:01:00 AM,C,-0.5
3/12/2018 09:01:00 AM,C,-0.5
3/12/2018 11:01:00 AM,C,1
3/12/2018 01:01:00 PM,C,3.5
3/12/2018 03:01:00 PM,C,2
3/12/2018 05:01:00 PM,C,1
3/12/2018 07:01:00 PM,C,0.5
3/12/2018 09:01:00 PM,C,0
3/12/2018 11:01:00 PM,C,-0.5
3/13/2018 01:01:00 AM,C,-1
3/13/2018 03:01:00 AM,C,-1
3/13/2018 05:01:00 AM,C,-1
3/13/2018 07:01:00 AM,C,-1
3/13/2018 09:01:00 AM,C,0
3/13/2018 11:01:00 AM,C,5
3/13/2018 01:01:00 PM,C,4.5
3/13/2018 03:01:00 PM,C,3
3/13/2018 05:01:00 PM,C,4
3/13/2018 07:01:00 PM,C,2
3/13/2018 09:01:00 PM,C,1
3/13/2018 11:01:00 PM,C,1
3/14/2018 01:01:00 AM,C,1
3/14/2018 03:01:00 AM,C,0.5
3/14/2018 05:01:00 AM,C,0.5
3/14/2018 07:01:00 AM,C,-0.5
3/14/2018 09:01:00 AM,C,0
3/14/2018 11:01:00 AM,C,2.5
3/14/2018 01:01:00 PM,C,3.5
3/14/2018 03:01:00 PM,C,3.5
3/14/2018 05:01:00 PM,C,3
3/14/2018 07:01:00 PM,C,2
3/14/2018 09:01:00 PM,C,0.5
3/14/2018 11:01:00 PM,C,0
3/15/2018 01:01:00 AM,C,-1
3/15/2018 03:01:00 AM,C,-1
3/15/2018 05:01:00 AM,C,-1
3/15/2018 07:01:00 AM,C,-1
3/15/2018 09:01:00 AM,C,1.5
3/15/2018 11:01:00 AM,C,7
3/15/2018 01:01:00 PM,C,10.5
3/15/2018 03:01:00 PM,C,6
3/15/2018 05:01:00 PM,C,5
3/15/2018 07:01:00 PM,C,2.5
3/15/2018 09:01:00 PM,C,1
3/15/2018 11:01:00 PM,C,0.5
3/16/2018 01:01:00 AM,C,0
3/16/2018 03:01:00 AM,C,-0.5
3/16/2018 05:01:00 AM,C,-3
3/16/2018 07:01:00 AM,C,-4
3/16/2018 09:01:00 AM,C,-4
3/16/2018 11:01:00 AM,C,-3
3/16/2018 01:01:00 PM,C,5.5
3/16/2018 03:01:00 PM,C,0.5
3/16/2018 05:01:00 PM,C,1.5
3/16/2018 07:01:00 PM,C,0
3/16/2018 09:01:00 PM,C,-1
3/16/2018 11:01:00 PM,C,-1.5
3/17/2018 01:01:00 AM,C,-2
3/17/2018 03:01:00 AM,C,-2
3/17/2018 05:01:00 AM,C,-1.5
3/17/2018 07:01:00 AM,C,-2
3/17/2018 09:01:00 AM,C,-0.5
3/17/2018 11:01:00 AM,C,5.5
3/17/2018 01:01:00 PM,C,15.5
3/17/2018 03:01:00 PM,C,6
3/17/2018 05:01:00 PM,C,5.5
3/17/2018 07:01:00 PM,C,3
3/17/2018 09:01:00 PM,C,0
3/17/2018 11:01:00 PM,C,-1
3/18/2018 01:01:00 AM,C,-1.5
3/18/2018 03:01:00 AM,C,-2
3/18/2018 05:01:00 AM,C,-1.5
3/18/2018 07:01:00 AM,C,-1
3/18/2018 09:01:00 AM,C,0.5
3/18/2018 11:01:00 AM,C,4
3/18/2018 01:01:00 PM,C,13.5
3/18/2018 03:01:00 PM,C,6
3/18/2018 05:01:00 PM,C,4
3/18/2018 07:01:00 PM,C,3
3/18/2018 09:01:00 PM,C,2.5
3/18/2018 11:01:00 PM,C,2
3/19/2018 01:01:00 AM,C,1
3/19/2018 03:01:00 AM,C,-0.5
3/19/2018 05:01:00 AM,C,-2.5
3/19/2018 07:01:00 AM,C,-4.5
3/19/2018 09:01:00 AM,C,-4.5
3/19/2018 11:01:00 AM,C,-1
3/19/2018 01:01:00 PM,C,3.5
3/19/2018 03:01:00 PM,C,-1
3/19/2018 05:01:00 PM,C,0
3/19/2018 07:01:00 PM,C,-0.5
3/19/2018 09:01:00 PM,C,-1
3/19/2018 11:01:00 PM,C,-1.5
3/20/2018 01:01:00 AM,C,-2.5
3/20/2018 03:01:00 AM,C,-3
3/20/2018 05:01:00 AM,C,-3
3/20/2018 07:01:00 AM,C,-3
3/20/2018 09:01:00 AM,C,-2.5
3/20/2018 11:01:00 AM,C,1
3/20/2018 01:01:00 PM,C,8
3/20/2018 03:01:00 PM,C,1
3/20/2018 05:01:00 PM,C,1.5
3/20/2018 07:01:00 PM,C,1.5
3/20/2018 09:01:00 PM,C,1
3/20/2018 11:01:00 PM,C,0.5
3/21/2018 01:01:00 AM,C,0
3/21/2018 03:01:00 AM,C,-1
3/21/2018 05:01:00 AM,C,-2
3/21/2018 07:01:00 AM,C,-2
3/21/2018 09:01:00 AM,C,-0.5
3/21/2018 11:01:00 AM,C,3
3/21/2018 01:01:00 PM,C,8.5
3/21/2018 03:01:00 PM,C,6.5
3/21/2018 05:01:00 PM,C,7.5
3/21/2018 07:01:00 PM,C,6
3/21/2018 09:01:00 PM,C,2.5
3/21/2018 11:01:00 PM,C,2
3/22/2018 01:01:00 AM,C,1.5
3/22/2018 03:01:00 AM,C,0.5
3/22/2018 05:01:00 AM,C,-0.5
3/22/2018 07:01:00 AM,C,-1.5
3/22/2018 09:01:00 AM,C,0
3/22/2018 11:01:00 AM,C,5
3/22/2018 01:01:00 PM,C,7
3/22/2018 03:01:00 PM,C,6
3/22/2018 05:01:00 PM,C,6
3/22/2018 07:01:00 PM,C,4
3/22/2018 09:01:00 PM,C,2
3/22/2018 11:01:00 PM,C,1
3/23/2018 01:01:00 AM,C,0.5
3/23/2018 03:01:00 AM,C,-0.5
3/23/2018 05:01:00 AM,C,-0.5
3/23/2018 07:01:00 AM,C,-1
3/23/2018 09:01:00 AM,C,0
3/23/2018 11:01:00 AM,C,5.5
3/23/2018 01:01:00 PM,C,14
3/23/2018 03:01:00 PM,C,5
3/23/2018 05:01:00 PM,C,4.5
3/23/2018 07:01:00 PM,C,3.5
3/23/2018 09:01:00 PM,C,2
3/23/2018 11:01:00 PM,C,1.5
3/24/2018 01:01:00 AM,C,1.5
3/24/2018 03:01:00 AM,C,0
3/24/2018 05:01:00 AM,C,-1
3/24/2018 07:01:00 AM,C,-2.5
3/24/2018 09:01:00 AM,C,-2
3/24/2018 11:01:00 AM,C,3
3/24/2018 01:01:00 PM,C,10.5
3/24/2018 03:01:00 PM,C,3.5
3/24/2018 05:01:00 PM,C,3
3/24/2018 07:01:00 PM,C,2
3/24/2018 09:01:00 PM,C,0
3/24/2018 11:01:00 PM,C,-1
3/25/2018 01:01:00 AM,C,-2
3/25/2018 03:01:00 AM,C,-3
3/25/2018 05:01:00 AM,C,-4
3/25/2018 07:01:00 AM,C,-5
3/25/2018 09:01:00 AM,C,-3
3/25/2018 11:01:00 AM,C,1.5
3/25/2018 01:01:00 PM,C,8.5
3/25/2018 03:01:00 PM,C,2.5
3/25/2018 05:01:00 PM,C,3
3/25/2018 07:01:00 PM,C,2.5
3/25/2018 09:01:00 PM,C,1.5
3/25/2018 11:01:00 PM,C,1.5
3/26/2018 01:01:00 AM,C,1.5
3/26/2018 03:01:00 AM,C,1.5
3/26/2018 05:01:00 AM,C,2
3/26/2018 07:01:00 AM,C,2
3/26/2018 09:01:00 AM,C,3.5
3/26/2018 11:01:00 AM,C,6.5
3/26/2018 01:01:00 PM,C,12.5
3/26/2018 03:01:00 PM,C,7
3/26/2018 05:01:00 PM,C,7.5
3/26/2018 07:01:00 PM,C,5
3/26/2018 09:01:00 PM,C,4.5
3/26/2018 11:01:00 PM,C,4.5
3/27/2018 01:01:00 AM,C,5
3/27/2018 03:01:00 AM,C,6
3/27/2018 05:01:00 AM,C,5
3/27/2018 07:01:00 AM,C,5.5
3/27/2018 09:01:00 AM,C,6
3/27/2018 11:01:00 AM,C,4.5
3/27/2018 01:01:00 PM,C,4
3/27/2018 03:01:00 PM,C,4
3/27/2018 05:01:00 PM,C,4
3/27/2018 07:01:00 PM,C,5
3/27/2018 09:01:00 PM,C,6
3/27/2018 11:01:00 PM,C,7
3/28/2018 01:01:00 AM,C,7.5
3/28/2018 03:01:00 AM,C,7.5
3/28/2018 05:01:00 AM,C,5.5
3/28/2018 07:01:00 AM,C,4
3/28/2018 09:01:00 AM,C,5
3/28/2018 11:01:00 AM,C,6
3/28/2018 01:01:00 PM,C,8
3/28/2018 03:01:00 PM,C,9
3/28/2018 05:01:00 PM,C,7.5
3/28/2018 07:01:00 PM,C,6
3/28/2018 09:01:00 PM,C,6
3/28/2018 11:01:00 PM,C,5
3/29/2018 01:01:00 AM,C,5
3/29/2018 03:01:00 AM,C,4.5
3/29/2018 05:01:00 AM,C,5
3/29/2018 07:01:00 AM,C,5.5
3/29/2018 09:01:00 AM,C,5
3/29/2018 11:01:00 AM,C,6
3/29/2018 01:01:00 PM,C,6
3/29/2018 03:01:00 PM,C,6.5
3/29/2018 05:01:00 PM,C,7.5
3/29/2018 07:01:00 PM,C,7
3/29/2018 09:01:00 PM,C,6.5
3/29/2018 11:01:00 PM,C,6
3/30/2018 01:01:00 AM,C,5.5
3/30/2018 03:01:00 AM,C,5.5
3/30/2018 05:01:00 AM,C,5
3/30/2018 07:01:00 AM,C,4
3/30/2018 09:01:00 AM,C,5
3/30/2018 11:01:00 AM,C,7.5
3/30/2018 01:01:00 PM,C,7
3/30/2018 03:01:00 PM,C,8
3/30/2018 05:01:00 PM,C,6.5
3/30/2018 07:01:00 PM,C,5.5
3/30/2018 09:01:00 PM,C,4
3/30/2018 11:01:00 PM,C,3
3/31/2018 01:01:00 AM,C,2.5
3/31/2018 03:01:00 AM,C,2.5
3/31/2018 05:01:00 AM,C,2.5
3/31/2018 07:01:00 AM,C,2.5
3/31/2018 09:01:00 AM,C,3.5
3/31/2018 11:01:00 AM,C,8.5
3/31/2018 01:01:00 PM,C,12
3/31/2018 03:01:00 PM,C,9.5
3/31/2018 05:01:00 PM,C,9
3/31/2018 07:01:00 PM,C,7
3/31/2018 09:01:00 PM,C,7
3/31/2018 11:01:00 PM,C,8.5
4/1/2018 01:01:00 AM,C,4
4/1/2018 03:01:00 AM,C,1
4/1/2018 05:01:00 AM,C,0.5
4/1/2018 07:01:00 AM,C,-1
4/1/2018 09:01:00 AM,C,0.5
4/1/2018 11:01:00 AM,C,4.5
4/1/2018 01:01:00 PM,C,12.5
4/1/2018 03:01:00 PM,C,6
4/1/2018 05:01:00 PM,C,5
4/1/2018 07:01:00 PM,C,3.5
4/1/2018 09:01:00 PM,C,2
4/1/2018 11:01:00 PM,C,2
4/2/2018 01:01:00 AM,C,2
4/2/2018 03:01:00 AM,C,2
4/2/2018 05:01:00 AM,C,1.5
4/2/2018 07:01:00 AM,C,1
4/2/2018 09:01:00 AM,C,5.5
4/2/2018 11:01:00 AM,C,7
4/2/2018 01:01:00 PM,C,15.5
4/2/2018 03:01:00 PM,C,6.5
4/2/2018 05:01:00 PM,C,7.5
4/2/2018 07:01:00 PM,C,6
4/2/2018 09:01:00 PM,C,5.5
4/2/2018 11:01:00 PM,C,5
4/3/2018 01:01:00 AM,C,5.5
4/3/2018 03:01:00 AM,C,4.5
4/3/2018 05:01:00 AM,C,4
4/3/2018 07:01:00 AM,C,3.5
4/3/2018 09:01:00 AM,C,4
4/3/2018 11:01:00 AM,C,5
4/3/2018 01:01:00 PM,C,5.5
4/3/2018 03:01:00 PM,C,5
4/3/2018 05:01:00 PM,C,3.5
4/3/2018 07:01:00 PM,C,3.5
4/3/2018 09:01:00 PM,C,3.5
4/3/2018 11:01:00 PM,C,3.5
4/4/2018 01:01:00 AM,C,4
4/4/2018 03:01:00 AM,C,4
4/4/2018 05:01:00 AM,C,5
4/4/2018 07:01:00 AM,C,6
4/4/2018 09:01:00 AM,C,5
4/4/2018 11:01:00 AM,C,6
4/4/2018 01:01:00 PM,C,6.5
4/4/2018 03:01:00 PM,C,3
4/4/2018 05:01:00 PM,C,2
4/4/2018 07:01:00 PM,C,0.5
4/4/2018 09:01:00 PM,C,-1
4/4/2018 11:01:00 PM,C,-0.5
4/5/2018 01:01:00 AM,C,-1.5
4/5/2018 03:01:00 AM,C,-1.5
4/5/2018 05:01:00 AM,C,-1.5
4/5/2018 07:01:00 AM,C,-2
4/5/2018 09:01:00 AM,C,6.5
4/5/2018 11:01:00 AM,C,2
4/5/2018 01:01:00 PM,C,11.5
4/5/2018 03:01:00 PM,C,4
4/5/2018 05:01:00 PM,C,4
4/5/2018 07:01:00 PM,C,2.5
4/5/2018 09:01:00 PM,C,1.5
4/5/2018 11:01:00 PM,C,2
4/6/2018 01:01:00 AM,C,1.5
4/6/2018 03:01:00 AM,C,1.5
4/6/2018 05:01:00 AM,C,1.5
4/6/2018 07:01:00 AM,C,2
4/6/2018 09:01:00 AM,C,2.5
4/6/2018 11:01:00 AM,C,2
4/6/2018 01:01:00 PM,C,1.5
4/6/2018 03:01:00 PM,C,2
4/6/2018 05:01:00 PM,C,6
4/6/2018 07:01:00 PM,C,3.5
4/6/2018 09:01:00 PM,C,1.5
4/6/2018 11:01:00 PM,C,0.5
4/7/2018 01:01:00 AM,C,-1
4/7/2018 03:01:00 AM,C,-1.5
4/7/2018 05:01:00 AM,C,-2
4/7/2018 07:01:00 AM,C,-2.5
4/7/2018 09:01:00 AM,C,10.5
4/7/2018 11:01:00 AM,C,2.5
4/7/2018 01:01:00 PM,C,2.5
4/7/2018 03:01:00 PM,C,2.5
4/7/2018 05:01:00 PM,C,3
4/7/2018 07:01:00 PM,C,1
4/7/2018 09:01:00 PM,C,0
4/7/2018 11:01:00 PM,C,0
4/8/2018 01:01:00 AM,C,-0.5
4/8/2018 03:01:00 AM,C,-0.5
4/8/2018 05:01:00 AM,C,-1
4/8/2018 07:01:00 AM,C,-1.5
4/8/2018 09:01:00 AM,C,10.5
4/8/2018 11:01:00 AM,C,2.5
4/8/2018 01:01:00 PM,C,7.5
4/8/2018 03:01:00 PM,C,2.5
4/8/2018 05:01:00 PM,C,2.5
4/8/2018 07:01:00 PM,C,2.5
4/8/2018 09:01:00 PM,C,1
4/8/2018 11:01:00 PM,C,-0.5
4/9/2018 01:01:00 AM,C,-1.5
4/9/2018 03:01:00 AM,C,-2
4/9/2018 05:01:00 AM,C,-1.5
4/9/2018 07:01:00 AM,C,-1
4/9/2018 09:01:00 AM,C,2.5
4/9/2018 11:01:00 AM,C,4
4/9/2018 01:01:00 PM,C,10
4/9/2018 03:01:00 PM,C,3.5
4/9/2018 05:01:00 PM,C,4
4/9/2018 07:01:00 PM,C,3.5
4/9/2018 09:01:00 PM,C,3
4/9/2018 11:01:00 PM,C,2.5
4/10/2018 01:01:00 AM,C,2
4/10/2018 03:01:00 AM,C,2
4/10/2018 05:01:00 AM,C,1.5
4/10/2018 07:01:00 AM,C,1
4/10/2018 09:01:00 AM,C,15
4/10/2018 11:01:00 AM,C,8.5
4/10/2018 01:01:00 PM,C,6
4/10/2018 03:01:00 PM,C,5
4/10/2018 05:01:00 PM,C,6
4/10/2018 07:01:00 PM,C,5.5
4/10/2018 09:01:00 PM,C,5.5
4/10/2018 11:01:00 PM,C,4
4/11/2018 01:01:00 AM,C,3.5
4/11/2018 03:01:00 AM,C,3
4/11/2018 05:01:00 AM,C,2.5
4/11/2018 07:01:00 AM,C,3
4/11/2018 09:01:00 AM,C,6
4/11/2018 11:01:00 AM,C,7
4/11/2018 01:01:00 PM,C,6
4/11/2018 03:01:00 PM,C,6
4/11/2018 05:01:00 PM,C,5.5
4/11/2018 07:01:00 PM,C,6.5
4/11/2018 09:01:00 PM,C,5.5
4/11/2018 11:01:00 PM,C,5
4/12/2018 01:01:00 AM,C,4.5
4/12/2018 03:01:00 AM,C,3.5
4/12/2018 05:01:00 AM,C,3
4/12/2018 07:01:00 AM,C,3
4/12/2018 09:01:00 AM,C,3.5
4/12/2018 11:01:00 AM,C,4
4/12/2018 01:01:00 PM,C,5.5
4/12/2018 03:01:00 PM,C,7.5
4/12/2018 05:01:00 PM,C,11
4/12/2018 07:01:00 PM,C,10
4/12/2018 09:01:00 PM,C,12.5
4/12/2018 11:01:00 PM,C,9
4/13/2018 01:01:00 AM,C,6
4/13/2018 03:01:00 AM,C,6
4/13/2018 05:01:00 AM,C,5
4/13/2018 07:01:00 AM,C,4
4/13/2018 09:01:00 AM,C,5
4/13/2018 11:01:00 AM,C,6
4/13/2018 01:01:00 PM,C,5.5
4/13/2018 03:01:00 PM,C,7
4/13/2018 05:01:00 PM,C,5
4/13/2018 07:01:00 PM,C,5
4/13/2018 09:01:00 PM,C,5.5
4/13/2018 11:01:00 PM,C,5
4/14/2018 01:01:00 AM,C,5
4/14/2018 03:01:00 AM,C,5
4/14/2018 05:01:00 AM,C,4
4/14/2018 07:01:00 AM,C,3
4/14/2018 09:01:00 AM,C,2
4/14/2018 11:01:00 AM,C,0.5
4/14/2018 01:01:00 PM,C,0.5
4/14/2018 03:01:00 PM,C,-0.5
4/14/2018 05:01:00 PM,C,-2
4/14/2018 07:01:00 PM,C,-2.5
4/14/2018 09:01:00 PM,C,-2.5
4/14/2018 11:01:00 PM,C,-2
4/15/2018 01:01:00 AM,C,-2.5
4/15/2018 03:01:00 AM,C,-2
4/15/2018 05:01:00 AM,C,-1
4/15/2018 07:01:00 AM,C,-1.5
4/15/2018 09:01:00 AM,C,-1
4/15/2018 11:01:00 AM,C,0
4/15/2018 01:01:00 PM,C,0.5
4/15/2018 03:01:00 PM,C,0
4/15/2018 05:01:00 PM,C,0
4/15/2018 07:01:00 PM,C,0
4/15/2018 09:01:00 PM,C,0.5
4/15/2018 11:01:00 PM,C,1
4/16/2018 01:01:00 AM,C,1.5
4/16/2018 03:01:00 AM,C,2
4/16/2018 05:01:00 AM,C,2
4/16/2018 07:01:00 AM,C,2.5
4/16/2018 09:01:00 AM,C,2.5
4/16/2018 11:01:00 AM,C,3.5
4/16/2018 01:01:00 PM,C,4
4/16/2018 03:01:00 PM,C,5
4/16/2018 05:01:00 PM,C,4
4/16/2018 07:01:00 PM,C,3.5
4/16/2018 09:01:00 PM,C,3.5
4/16/2018 11:01:00 PM,C,2
4/17/2018 01:01:00 AM,C,2.5
4/17/2018 03:01:00 AM,C,2
4/17/2018 05:01:00 AM,C,1
4/17/2018 07:01:00 AM,C,1
4/17/2018 09:01:00 AM,C,2
4/17/2018 11:01:00 AM,C,3.5
4/17/2018 01:01:00 PM,C,2.5
4/17/2018 03:01:00 PM,C,3.5
4/17/2018 05:01:00 PM,C,3.5
4/17/2018 07:01:00 PM,C,3
4/17/2018 09:01:00 PM,C,2.5
4/17/2018 11:01:00 PM,C,3
4/18/2018 01:01:00 AM,C,2.5
4/18/2018 03:01:00 AM,C,3
4/18/2018 05:01:00 AM,C,2.5
4/18/2018 07:01:00 AM,C,3
4/18/2018 09:01:00 AM,C,7.5
4/18/2018 11:01:00 AM,C,6
4/18/2018 01:01:00 PM,C,6
4/18/2018 03:01:00 PM,C,6
4/18/2018 05:01:00 PM,C,6.5
4/18/2018 07:01:00 PM,C,5.5
4/18/2018 09:01:00 PM,C,4
4/18/2018 11:01:00 PM,C,3.5
4/19/2018 01:01:00 AM,C,3.5
4/19/2018 03:01:00 AM,C,3
4/19/2018 05:01:00 AM,C,2.5
4/19/2018 07:01:00 AM,C,2.5
4/19/2018 09:01:00 AM,C,3.5
4/19/2018 11:01:00 AM,C,8.5
4/19/2018 01:01:00 PM,C,6.5
4/19/2018 03:01:00 PM,C,6.5
4/19/2018 05:01:00 PM,C,5.5
4/19/2018 07:01:00 PM,C,4.5
4/19/2018 09:01:00 PM,C,4
4/19/2018 11:01:00 PM,C,3.5
4/20/2018 01:01:00 AM,C,2.5
4/20/2018 03:01:00 AM,C,1.5
4/20/2018 05:01:00 AM,C,1
4/20/2018 07:01:00 AM,C,1
4/20/2018 09:01:00 AM,C,15
4/20/2018 11:01:00 AM,C,8
4/20/2018 01:01:00 PM,C,17
4/20/2018 03:01:00 PM,C,8
4/20/2018 05:01:00 PM,C,9
4/20/2018 07:01:00 PM,C,8
4/20/2018 09:01:00 PM,C,6.5
4/20/2018 11:01:00 PM,C,5.5
4/21/2018 01:01:00 AM,C,5
4/21/2018 03:01:00 AM,C,5
4/21/2018 05:01:00 AM,C,5
4/21/2018 07:01:00 AM,C,4
4/21/2018 09:01:00 AM,C,20
4/21/2018 11:01:00 AM,C,14.5
4/21/2018 01:01:00 PM,C,21.5
4/21/2018 03:01:00 PM,C,14
4/21/2018 05:01:00 PM,C,14.5
4/21/2018 07:01:00 PM,C,14
4/21/2018 09:01:00 PM,C,12.5
4/21/2018 11:01:00 PM,C,11.5
4/22/2018 01:01:00 AM,C,9.5
4/22/2018 03:01:00 AM,C,8
4/22/2018 05:01:00 AM,C,7
4/22/2018 07:01:00 AM,C,6.5
4/22/2018 09:01:00 AM,C,23.5
4/22/2018 11:01:00 AM,C,16
4/22/2018 01:01:00 PM,C,22.5
4/22/2018 03:01:00 PM,C,16
4/22/2018 05:01:00 PM,C,15.5
4/22/2018 07:01:00 PM,C,14.5
4/22/2018 09:01:00 PM,C,14
4/22/2018 11:01:00 PM,C,13
4/23/2018 01:01:00 AM,C,11.5
4/23/2018 03:01:00 AM,C,10
4/23/2018 05:01:00 AM,C,9
4/23/2018 07:01:00 AM,C,8
4/23/2018 09:01:00 AM,C,19
4/23/2018 11:01:00 AM,C,17
4/23/2018 01:01:00 PM,C,22
4/23/2018 03:01:00 PM,C,16.5
4/23/2018 05:01:00 PM,C,16
4/23/2018 07:01:00 PM,C,15
4/23/2018 09:01:00 PM,C,14.5
4/23/2018 11:01:00 PM,C,15.5
4/24/2018 01:01:00 AM,C,12
4/24/2018 03:01:00 AM,C,10.5
4/24/2018 05:01:00 AM,C,9.5
4/24/2018 07:01:00 AM,C,10.5
4/24/2018 09:01:00 AM,C,13.5
4/24/2018 11:01:00 AM,C,15.5
4/24/2018 01:01:00 PM,C,17.5
4/24/2018 03:01:00 PM,C,18
4/24/2018 05:01:00 PM,C,10
4/24/2018 07:01:00 PM,C,10.5
4/24/2018 09:01:00 PM,C,11
4/24/2018 11:01:00 PM,C,10.5
4/25/2018 01:01:00 AM,C,10
4/25/2018 03:01:00 AM,C,10
4/25/2018 05:01:00 AM,C,9.5
4/25/2018 07:01:00 AM,C,8.5
4/25/2018 09:01:00 AM,C,8.5
4/25/2018 11:01:00 AM,C,8.5
4/25/2018 01:01:00 PM,C,10
4/25/2018 03:01:00 PM,C,11.5
4/25/2018 05:01:00 PM,C,11
4/25/2018 07:01:00 PM,C,9.5
4/25/2018 09:01:00 PM,C,7
4/25/2018 11:01:00 PM,C,6
4/26/2018 01:01:00 AM,C,5.5
4/26/2018 03:01:00 AM,C,5.5
4/26/2018 05:01:00 AM,C,5.5
4/26/2018 07:01:00 AM,C,5.5
4/26/2018 09:01:00 AM,C,12
4/26/2018 11:01:00 AM,C,15
4/26/2018 01:01:00 PM,C,21.5
4/26/2018 03:01:00 PM,C,15
4/26/2018 05:01:00 PM,C,16.5
4/26/2018 07:01:00 PM,C,16
4/26/2018 09:01:00 PM,C,14.5
4/26/2018 11:01:00 PM,C,13
4/27/2018 01:01:00 AM,C,11.5
4/27/2018 03:01:00 AM,C,10
4/27/2018 05:01:00 AM,C,8.5
4/27/2018 07:01:00 AM,C,7.5
4/27/2018 09:01:00 AM,C,17
4/27/2018 11:01:00 AM,C,14.5
4/27/2018 01:01:00 PM,C,15.5
4/27/2018 03:01:00 PM,C,15.5
4/27/2018 05:01:00 PM,C,12
4/27/2018 07:01:00 PM,C,12
4/27/2018 09:01:00 PM,C,12.5
4/27/2018 11:01:00 PM,C,12.5
4/28/2018 01:01:00 AM,C,10.5
4/28/2018 03:01:00 AM,C,10
4/28/2018 05:01:00 AM,C,9
4/28/2018 07:01:00 AM,C,8.5
4/28/2018 09:01:00 AM,C,8.5
4/28/2018 11:01:00 AM,C,8
4/28/2018 01:01:00 PM,C,7.5
4/28/2018 03:01:00 PM,C,8.5
4/28/2018 05:01:00 PM,C,7.5
4/28/2018 07:01:00 PM,C,4.5
4/28/2018 09:01:00 PM,C,4
4/28/2018 11:01:00 PM,C,4
4/29/2018 01:01:00 AM,C,3.5
4/29/2018 03:01:00 AM,C,3
4/29/2018 05:01:00 AM,C,3.5
4/29/2018 07:01:00 AM,C,3
4/29/2018 09:01:00 AM,C,9
4/29/2018 11:01:00 AM,C,11.5
4/29/2018 01:01:00 PM,C,18.5
4/29/2018 03:01:00 PM,C,12
4/29/2018 05:01:00 PM,C,12
4/29/2018 07:01:00 PM,C,10
4/29/2018 09:01:00 PM,C,8.5
4/29/2018 11:01:00 PM,C,8
4/30/2018 01:01:00 AM,C,6.5
4/30/2018 03:01:00 AM,C,6.5
4/30/2018 05:01:00 AM,C,6.5
4/30/2018 07:01:00 AM,C,7
4/30/2018 09:01:00 AM,C,21.5
4/30/2018 11:01:00 AM,C,18.5
4/30/2018 01:01:00 PM,C,25.5
4/30/2018 03:01:00 PM,C,18.5
4/30/2018 05:01:00 PM,C,20
4/30/2018 07:01:00 PM,C,18
4/30/2018 09:01:00 PM,C,18
4/30/2018 11:01:00 PM,C,16.5
5/1/2018 01:01:00 AM,C,14.5
5/1/2018 03:01:00 AM,C,12
5/1/2018 05:01:00 AM,C,12
5/1/2018 07:01:00 AM,C,11.5
5/1/2018 09:01:00 AM,C,14
5/1/2018 11:01:00 AM,C,19.5
5/1/2018 01:01:00 PM,C,24
5/1/2018 03:01:00 PM,C,23.5
5/1/2018 05:01:00 PM,C,25.5
5/1/2018 07:01:00 PM,C,23.5
5/1/2018 09:01:00 PM,C,22
5/1/2018 11:01:00 PM,C,21
5/2/2018 01:01:00 AM,C,20.5
5/2/2018 03:01:00 AM,C,17
5/2/2018 05:01:00 AM,C,18.5
5/2/2018 07:01:00 AM,C,19
5/2/2018 09:01:00 AM,C,25.5
5/2/2018 11:01:00 AM,C,27.5
5/2/2018 01:01:00 PM,C,25.5
5/2/2018 03:01:00 PM,C,27.5
5/2/2018 05:01:00 PM,C,26.5
5/2/2018 07:01:00 PM,C,26.5
5/2/2018 09:01:00 PM,C,26.5
5/2/2018 11:01:00 PM,C,24.5
5/3/2018 01:01:00 AM,C,24
5/3/2018 03:01:00 AM,C,22.5
5/3/2018 05:01:00 AM,C,20
5/3/2018 07:01:00 AM,C,17
5/3/2018 09:01:00 AM,C,21.5
5/3/2018 11:01:00 AM,C,26.5
5/3/2018 01:01:00 PM,C,22
5/3/2018 03:01:00 PM,C,22.5
5/3/2018 05:01:00 PM,C,19.5
5/3/2018 07:01:00 PM,C,17
5/3/2018 09:01:00 PM,C,16
5/3/2018 11:01:00 PM,C,15.5
5/4/2018 01:01:00 AM,C,14
5/4/2018 03:01:00 AM,C,13
5/4/2018 05:01:00 AM,C,12
5/4/2018 07:01:00 AM,C,11
5/4/2018 09:01:00 AM,C,11.5
5/4/2018 11:01:00 AM,C,13
5/4/2018 01:01:00 PM,C,18.5
5/4/2018 03:01:00 PM,C,23.5
5/4/2018 05:01:00 PM,C,23.5
5/4/2018 07:01:00 PM,C,14
5/4/2018 09:01:00 PM,C,12.5
5/4/2018 11:01:00 PM,C,12
5/5/2018 01:01:00 AM,C,12
5/5/2018 03:01:00 AM,C,11.5
5/5/2018 05:01:00 AM,C,11.5
5/5/2018 07:01:00 AM,C,12
5/5/2018 09:01:00 AM,C,18
5/5/2018 11:01:00 AM,C,21.5
5/5/2018 01:01:00 PM,C,27
5/5/2018 03:01:00 PM,C,25
5/5/2018 05:01:00 PM,C,24
5/5/2018 07:01:00 PM,C,22.5
5/5/2018 09:01:00 PM,C,21.5
5/5/2018 11:01:00 PM,C,20
5/6/2018 01:01:00 AM,C,19.5
5/6/2018 03:01:00 AM,C,16
5/6/2018 05:01:00 AM,C,16
5/6/2018 07:01:00 AM,C,16.5
5/6/2018 09:01:00 AM,C,18
5/6/2018 11:01:00 AM,C,17.5
5/6/2018 01:01:00 PM,C,16.5
5/6/2018 03:01:00 PM,C,19
5/6/2018 05:01:00 PM,C,17.5
5/6/2018 07:01:00 PM,C,17.5
5/6/2018 09:01:00 PM,C,16.5
5/6/2018 11:01:00 PM,C,17
5/7/2018 01:01:00 AM,C,16
5/7/2018 03:01:00 AM,C,14.5
5/7/2018 05:01:00 AM,C,13.5
5/7/2018 07:01:00 AM,C,13
5/7/2018 09:01:00 AM,C,18.5
5/7/2018 11:01:00 AM,C,17
5/7/2018 01:01:00 PM,C,20
5/7/2018 03:01:00 PM,C,15
5/7/2018 05:01:00 PM,C,16.5
5/7/2018 07:01:00 PM,C,16
5/7/2018 09:01:00 PM,C,14.5
5/7/2018 11:01:00 PM,C,13.5
5/8/2018 01:01:00 AM,C,13
5/8/2018 03:01:00 AM,C,12.5
5/8/2018 05:01:00 AM,C,11
5/8/2018 07:01:00 AM,C,11.5
5/8/2018 09:01:00 AM,C,21
5/8/2018 11:01:00 AM,C,18.5
5/8/2018 01:01:00 PM,C,19.5
5/8/2018 03:01:00 PM,C,17.5
5/8/2018 05:01:00 PM,C,17.5
5/8/2018 07:01:00 PM,C,17.5
5/8/2018 09:01:00 PM,C,15.5
5/8/2018 11:01:00 PM,C,15.5
5/9/2018 01:01:00 AM,C,15
5/9/2018 03:01:00 AM,C,14
5/9/2018 05:01:00 AM,C,13.5
5/9/2018 07:01:00 AM,C,13.5
5/9/2018 09:01:00 AM,C,18
5/9/2018 11:01:00 AM,C,19.5
5/9/2018 01:01:00 PM,C,23
5/9/2018 03:01:00 PM,C,21.5
5/9/2018 05:01:00 PM,C,17.5
5/9/2018 07:01:00 PM,C,19
5/9/2018 09:01:00 PM,C,18
5/9/2018 11:01:00 PM,C,17.5
5/10/2018 01:01:00 AM,C,18
5/10/2018 03:01:00 AM,C,18
5/10/2018 05:01:00 AM,C,18
5/10/2018 07:01:00 AM,C,16.5
5/10/2018 09:01:00 AM,C,20.5
5/10/2018 11:01:00 AM,C,23.5
5/10/2018 01:01:00 PM,C,23
5/10/2018 03:01:00 PM,C,23
5/10/2018 05:01:00 PM,C,21
5/10/2018 07:01:00 PM,C,18
5/10/2018 09:01:00 PM,C,16
5/10/2018 11:01:00 PM,C,12.5
5/11/2018 01:01:00 AM,C,9.5
5/11/2018 03:01:00 AM,C,8.5
5/11/2018 05:01:00 AM,C,8.5
5/11/2018 07:01:00 AM,C,8
5/11/2018 09:01:00 AM,C,19.5
5/11/2018 11:01:00 AM,C,13.5
5/11/2018 01:01:00 PM,C,12
5/11/2018 03:01:00 PM,C,11
5/11/2018 05:01:00 PM,C,11.5
5/11/2018 07:01:00 PM,C,12
5/11/2018 09:01:00 PM,C,12
5/11/2018 11:01:00 PM,C,11.5
5/12/2018 01:01:00 AM,C,11
5/12/2018 03:01:00 AM,C,10
5/12/2018 05:01:00 AM,C,9
5/12/2018 07:01:00 AM,C,9.5
5/12/2018 09:01:00 AM,C,10
5/12/2018 11:01:00 AM,C,14
5/12/2018 01:01:00 PM,C,17
5/12/2018 03:01:00 PM,C,14
5/12/2018 05:01:00 PM,C,13
5/12/2018 07:01:00 PM,C,14.5
5/12/2018 09:01:00 PM,C,14
5/12/2018 11:01:00 PM,C,14
5/13/2018 01:01:00 AM,C,13.5
5/13/2018 03:01:00 AM,C,12.5
5/13/2018 05:01:00 AM,C,10.5
5/13/2018 07:01:00 AM,C,10.5
5/13/2018 09:01:00 AM,C,22.5
5/13/2018 11:01:00 AM,C,20.5
5/13/2018 01:01:00 PM,C,22
5/13/2018 03:01:00 PM,C,16.5
5/13/2018 05:01:00 PM,C,16
5/13/2018 07:01:00 PM,C,14
5/13/2018 09:01:00 PM,C,13.5
5/13/2018 11:01:00 PM,C,13
5/14/2018 01:01:00 AM,C,13
5/14/2018 03:01:00 AM,C,11.5
5/14/2018 05:01:00 AM,C,11.5
5/14/2018 07:01:00 AM,C,12
5/14/2018 09:01:00 AM,C,27.5
5/14/2018 11:01:00 AM,C,21.5
5/14/2018 01:01:00 PM,C,24
5/14/2018 03:01:00 PM,C,22.5
5/14/2018 05:01:00 PM,C,22
5/14/2018 07:01:00 PM,C,21.5
5/14/2018 09:01:00 PM,C,19.5
5/14/2018 11:01:00 PM,C,20
5/15/2018 01:01:00 AM,C,19
5/15/2018 03:01:00 AM,C,18
5/15/2018 05:01:00 AM,C,16.5
5/15/2018 07:01:00 AM,C,17
5/15/2018 09:01:00 AM,C,17
5/15/2018 11:01:00 AM,C,18
5/15/2018 01:01:00 PM,C,19
5/15/2018 03:01:00 PM,C,21
5/15/2018 05:01:00 PM,C,20.5
5/15/2018 07:01:00 PM,C,20.5
5/15/2018 09:01:00 PM,C,18.5
5/15/2018 11:01:00 PM,C,16
5/16/2018 01:01:00 AM,C,15
5/16/2018 03:01:00 AM,C,14.5
5/16/2018 05:01:00 AM,C,13
5/16/2018 07:01:00 AM,C,12.5
5/16/2018 09:01:00 AM,C,17.5
5/16/2018 11:01:00 AM,C,16.5
5/16/2018 01:01:00 PM,C,19.5
5/16/2018 03:01:00 PM,C,18
5/16/2018 05:01:00 PM,C,18.5
5/16/2018 07:01:00 PM,C,15.5
5/16/2018 09:01:00 PM,C,13.5
5/16/2018 11:01:00 PM,C,14.5
5/17/2018 01:01:00 AM,C,15.5
5/17/2018 03:01:00 AM,C,14
5/17/2018 05:01:00 AM,C,13
5/17/2018 07:01:00 AM,C,14
5/17/2018 09:01:00 AM,C,22.5
5/17/2018 11:01:00 AM,C,25.5
5/17/2018 01:01:00 PM,C,28.5
5/17/2018 03:01:00 PM,C,25
5/17/2018 05:01:00 PM,C,21.5
5/17/2018 07:01:00 PM,C,21.5
5/17/2018 09:01:00 PM,C,20
5/17/2018 11:01:00 PM,C,18
5/18/2018 01:01:00 AM,C,17
5/18/2018 03:01:00 AM,C,15
5/18/2018 05:01:00 AM,C,13
5/18/2018 07:01:00 AM,C,12
5/18/2018 09:01:00 AM,C,16.5
5/18/2018 11:01:00 AM,C,17.5
5/18/2018 01:01:00 PM,C,19.5
5/18/2018 03:01:00 PM,C,15.5
5/18/2018 05:01:00 PM,C,16
5/18/2018 07:01:00 PM,C,16
5/18/2018 09:01:00 PM,C,14.5
5/18/2018 11:01:00 PM,C,14
5/19/2018 01:01:00 AM,C,13
5/19/2018 03:01:00 AM,C,13.5
5/19/2018 05:01:00 AM,C,13
5/19/2018 07:01:00 AM,C,10
5/19/2018 09:01:00 AM,C,12
5/19/2018 11:01:00 AM,C,10.5
5/19/2018 01:01:00 PM,C,11
5/19/2018 03:01:00 PM,C,12
5/19/2018 05:01:00 PM,C,15
5/19/2018 07:01:00 PM,C,14.5
5/19/2018 09:01:00 PM,C,14.5
5/19/2018 11:01:00 PM,C,13.5
5/20/2018 01:01:00 AM,C,15.5
5/20/2018 03:01:00 AM,C,16
5/20/2018 05:01:00 AM,C,16
5/20/2018 07:01:00 AM,C,15.5
5/20/2018 09:01:00 AM,C,17
5/20/2018 11:01:00 AM,C,20.5
5/20/2018 01:01:00 PM,C,22.5
5/20/2018 03:01:00 PM,C,22
5/20/2018 05:01:00 PM,C,22
5/20/2018 07:01:00 PM,C,20.5
5/20/2018 09:01:00 PM,C,17.5
5/20/2018 11:01:00 PM,C,15.5
5/21/2018 01:01:00 AM,C,14
5/21/2018 03:01:00 AM,C,13
5/21/2018 05:01:00 AM,C,13
5/21/2018 07:01:00 AM,C,12.5
5/21/2018 09:01:00 AM,C,18.5
5/21/2018 11:01:00 AM,C,19
5/21/2018 01:01:00 PM,C,24
5/21/2018 03:01:00 PM,C,21.5
5/21/2018 05:01:00 PM,C,23
5/21/2018 07:01:00 PM,C,22.5
5/21/2018 09:01:00 PM,C,22
5/21/2018 11:01:00 PM,C,19
5/22/2018 01:01:00 AM,C,16
5/22/2018 03:01:00 AM,C,16
5/22/2018 05:01:00 AM,C,12
5/22/2018 07:01:00 AM,C,11.5
5/22/2018 09:01:00 AM,C,13
5/22/2018 11:01:00 AM,C,14.5
5/22/2018 01:01:00 PM,C,15.5
5/22/2018 03:01:00 PM,C,15
5/22/2018 05:01:00 PM,C,16.5
5/22/2018 07:01:00 PM,C,17.5
5/22/2018 09:01:00 PM,C,14.5
5/22/2018 11:01:00 PM,C,16.5
5/23/2018 01:01:00 AM,C,16.5
5/23/2018 03:01:00 AM,C,15.5
5/23/2018 05:01:00 AM,C,14.5
5/23/2018 07:01:00 AM,C,14.5
5/23/2018 09:01:00 AM,C,21.5
5/23/2018 11:01:00 AM,C,26
5/23/2018 01:01:00 PM,C,30
5/23/2018 03:01:00 PM,C,27
5/23/2018 05:01:00 PM,C,27
5/23/2018 07:01:00 PM,C,26
5/23/2018 09:01:00 PM,C,24
5/23/2018 11:01:00 PM,C,22.5
5/24/2018 01:01:00 AM,C,21
5/24/2018 03:01:00 AM,C,20
5/24/2018 05:01:00 AM,C,18.5
5/24/2018 07:01:00 AM,C,18
5/24/2018 09:01:00 AM,C,21
5/24/2018 11:01:00 AM,C,26
5/24/2018 01:01:00 PM,C,29.5
5/24/2018 03:01:00 PM,C,28
5/24/2018 05:01:00 PM,C,27.5
5/24/2018 07:01:00 PM,C,27
5/24/2018 09:01:00 PM,C,26.5
5/24/2018 11:01:00 PM,C,25.5
5/25/2018 01:01:00 AM,C,23.5
5/25/2018 03:01:00 AM,C,22
5/25/2018 05:01:00 AM,C,21.5
5/25/2018 07:01:00 AM,C,21
5/25/2018 09:01:00 AM,C,27
5/25/2018 11:01:00 AM,C,27.5
5/25/2018 01:01:00 PM,C,31.5
5/25/2018 03:01:00 PM,C,30
5/25/2018 05:01:00 PM,C,29.5
5/25/2018 07:01:00 PM,C,28
5/25/2018 09:01:00 PM,C,27
5/25/2018 11:01:00 PM,C,26
5/26/2018 01:01:00 AM,C,25
5/26/2018 03:01:00 AM,C,23.5
5/26/2018 05:01:00 AM,C,22.5
5/26/2018 07:01:00 AM,C,21.5
5/26/2018 09:01:00 AM,C,24.5
5/26/2018 11:01:00 AM,C,27
5/26/2018 01:01:00 PM,C,27.5
5/26/2018 03:01:00 PM,C,27.5
5/26/2018 05:01:00 PM,C,27.5
5/26/2018 07:01:00 PM,C,25
5/26/2018 09:01:00 PM,C,21.5
5/26/2018 11:01:00 PM,C,18
5/27/2018 01:01:00 AM,C,20
5/27/2018 03:01:00 AM,C,19.5
5/27/2018 05:01:00 AM,C,19.5
5/27/2018 07:01:00 AM,C,18
5/27/2018 09:01:00 AM,C,22
5/27/2018 11:01:00 AM,C,23.5
5/27/2018 01:01:00 PM,C,32
5/27/2018 03:01:00 PM,C,38
5/27/2018 05:01:00 PM,C,33.5
5/27/2018 07:01:00 PM,C,32.5
5/27/2018 09:01:00 PM,C,30
5/27/2018 11:01:00 PM,C,25.5
5/28/2018 01:01:00 AM,C,23
5/28/2018 03:01:00 AM,C,20.5
5/28/2018 05:01:00 AM,C,19.5
5/28/2018 07:01:00 AM,C,19
5/28/2018 09:01:00 AM,C,21
5/28/2018 11:01:00 AM,C,23
5/28/2018 01:01:00 PM,C,29
5/28/2018 03:01:00 PM,C,37
5/28/2018 05:01:00 PM,C,41
5/28/2018 07:01:00 PM,C,26.5
5/28/2018 09:01:00 PM,C,25
5/28/2018 11:01:00 PM,C,26
5/29/2018 01:01:00 AM,C,26.5
5/29/2018 03:01:00 AM,C,26.5
5/29/2018 05:01:00 AM,C,27
5/29/2018 07:01:00 AM,C,27
5/29/2018 09:01:00 AM,C,27
5/29/2018 11:01:00 AM,C,27
5/29/2018 01:01:00 PM,C,27
5/29/2018 03:01:00 PM,C,27
5/29/2018 05:01:00 PM,C,27
5/29/2018 07:01:00 PM,C,27.5
5/29/2018 09:01:00 PM,C,27.5
5/29/2018 11:01:00 PM,C,27.5
5/30/2018 01:01:00 AM,C,27.5
5/30/2018 03:01:00 AM,C,27.5
5/30/2018 05:01:00 AM,C,27.5
5/30/2018 07:01:00 AM,C,27.5
5/30/2018 09:01:00 AM,C,27
5/30/2018 11:01:00 AM,C,27
5/30/2018 01:01:00 PM,C,27
5/30/2018 03:01:00 PM,C,27.5
5/30/2018 05:01:00 PM,C,27
5/30/2018 07:01:00 PM,C,27.5
5/30/2018 09:01:00 PM,C,27.5
